41132282, 41121996, 41125299, 41121782, 41118979, 41113473, 41115926, 41114098, 41117654,
8080818, 22205803, 49760494, 9922583, 49767534, 8564498, 49743432, 8395544, 12709536,
8074100, 11685394, 24965219, 7182267, 8039913, 6332583, 10488729, 8548679, 7672742,
6756211, 7845387, 15951354, 5577345, 7107496, 3714678, 6238607, 7418605, 5963311,
6070081, 5793017, 12310537, 4538124, 5701738, 3135444, 4377274, 6380930, 5840297,
5709331, 4780629, 9727139, 3722152, 5515963, 2103426, 3818756, 4975791, 5344322,
3157832, 852217, 2337743, 1137209, 2127366, 355065, 849788, 2582945, 2871655,
2458773, 522411, 1153711, 579627, 1188507, 238005, 433080, 1045015, 2612714,
1355324, 220370, 612013, 353623, 441670, 119612, 229052, 689348, 1372400,
963620, 179922, 253820, 221471, 407621, 60833, 133859, 424413, 880406,
526354, 86914, 272577, 132641, 342958, 68538, 78341, 334211, 746621,
579998, 144090, 217811, 99011, 248099, 47839, 100826, 280158, 489678,
397875, 123691, 234495, 110556, 201326, 85287, 61206, 212313, 401862,
621208, 155205, 109278, 107540, 113722, 53295, 46263, 150904, 181530,
375824, 90040, 125504, 99894, 107168, 23894, 51831, 169270, 305350,
354508, 57605, 187080, 65055, 130702, 29542, 49650, 171798, 332976,
431684, 53832, 131914, 53334, 124614, 34820, 22680, 101908, 259393,
41147285, 41138889, 41142550, 41131886, 41130247, 41128357, 41135533, 41132710, 41143562,
13152106, 21829936, 49775955, 9307755, 49787546, 9414420, 49812758, 10743057, 8400314,
7901516, 11254992, 24452813, 6815640, 8939842, 4833040, 10061302, 8167409, 7383751,
5639199, 8060031, 15788336, 5266036, 7622240, 3785020, 6847975, 6268422, 6497036,
6444382, 5848870, 12267394, 4634813, 5898479, 2895771, 4871310, 6003372, 5688326,
5965795, 4850224, 9684301, 3992992, 5609811, 1846748, 4094424, 5756568, 5557734,
2886677, 883883, 2288932, 1074623, 2388780, 447645, 736981, 2236848, 3014407,
2550717, 478286, 1128704, 738277, 1123702, 148672, 348307, 1366237, 2791943,
1284603, 327280, 562894, 345499, 459844, 128002, 175680, 681915, 1294514,
936432, 121332, 379311, 159122, 395296, 91151, 136065, 512641, 987574,
699032, 90308, 315627, 200166, 223149, 44738, 121209, 291146, 596420,
317264, 157566, 223925, 126340, 246861, 37289, 78139, 166349, 556097,
378059, 86465, 125965, 88208, 170858, 29964, 97210, 165463, 419305,
367842, 123580, 111499, 67342, 189006, 28843, 52548, 189965, 295758,
360993, 128524, 134374, 72910, 100173, 27959, 42067, 188492, 293458,
334338, 58330, 95259, 101154, 96343, 29935, 39058, 92349, 284783,
242892, 86303, 75045, 42232, 118363, 34738, 26530, 125805, 238353,
41144088, 41128572, 41133785, 41131213, 41133918, 41131811, 41137197, 41129760, 41129420,
10830230, 22093316, 49840642, 10145466, 49842286, 11229522, 49805554, 10360005, 7580857,
7340064, 11070902, 25229846, 7067184, 9949406, 4805707, 8886735, 8006155, 9220856,
6935806, 7647604, 15859965, 5302928, 7628007, 3750557, 6024822, 6648878, 7100268,
5533887, 6019377, 12048846, 4501705, 6299866, 2654678, 4657687, 5639711, 6191917,
5369909, 4797215, 9468752, 4155876, 5423889, 2593385, 3971999, 5109564, 5164901,
3293097, 1002296, 2140863, 1025288, 2409590, 409239, 804028, 2283615, 2891558,
2339938, 441568, 1107243, 725721, 1236316, 253768, 398878, 1210643, 2524414,
1274721, 246987, 474263, 339116, 615441, 116009, 245354, 583582, 1234254,
877180, 128004, 418972, 249836, 404216, 60601, 179584, 426933, 826051,
602390, 89519, 312915, 117747, 237798, 29829, 105024, 314794, 709274,
549032, 88030, 196433, 83686, 239627, 71947, 68058, 240431, 474472,
438680, 93888, 142162, 123374, 178629, 42844, 65619, 216897, 459433,
486062, 84578, 127968, 108411, 115412, 22936, 77008, 204374, 387134,
532658, 54655, 113181, 94449, 104470, 39426, 45617, 162548, 313526,
369095, 79248, 168336, 81448, 91655, 43258, 64040, 145330, 296521,
380642, 82741, 78988, 48716, 89144, 44200, 71832, 139202, 253631,
41154003, 41140828, 41143942, 41141139, 41144295, 41144267, 41142794, 41132512, 41137025,
10106407, 22499755, 49828971, 9779932, 49790013, 12800980, 49796105, 11199716, 10634376,
8735279, 11223314, 24652370, 6689802, 8653873, 7161973, 10683140, 9834281, 8335233,
7938922, 7703899, 16515290, 5593808, 7831649, 3650286, 6036498, 7608443, 6976033,
5658656, 6002206, 11548184, 4535960, 5666256, 2140791, 4885679, 6557594, 5006007,
5706075, 4454939, 9940166, 3755662, 5622272, 1875130, 3528760, 5486639, 4651774,
2620966, 1046986, 2205844, 1222079, 2511203, 453852, 691662, 2426387, 2717576,
2599935, 537541, 909240, 674394, 1176647, 320203, 366135, 1313358, 2396696,
1097225, 190358, 591114, 329025, 456197, 114505, 149604, 596606, 1211272,
766159, 159725, 345997, 152177, 271430, 68607, 123663, 521229, 891420,
950002, 124439, 325634, 155118, 194528, 54620, 102548, 274550, 645002,
595451, 90566, 191863, 93905, 185486, 49278, 98374, 253439, 556682,
462726, 122902, 184836, 89364, 177619, 69702, 58516, 238192, 478032,
363764, 88741, 149194, 53707, 163340, 36992, 57425, 165599, 424390,
246728, 58830, 84763, 53205, 154805, 19960, 83615, 179654, 398079,
282586, 105869, 158499, 53754, 134650, 17148, 70889, 135482, 285203,
273472, 89799, 79314, 43766, 76490, 15986, 28983, 129907, 272138,
41153038, 41141578, 41144350, 41141365, 41145032, 41141592, 41134763, 41132313, 41133982,
12667409, 22047359, 49743836, 9939888, 49958591, 9983808, 49838277, 13102061, 10800967,
8331346, 11705966, 25776667, 6983141, 7621054, 6036431, 10552799, 8010045, 9661565,
7175021, 7957052, 15170846, 5496478, 6980914, 4283221, 5696172, 5605732, 7092240,
7325800, 5918899, 11979139, 4499891, 6309223, 2489760, 4638848, 5491319, 6558024,
6156890, 4613869, 9537476, 3706967, 5609135, 1896833, 3780245, 5525569, 6293680,
3009685, 1070473, 2014166, 984854, 1813261, 451057, 868434, 2643066, 2600575,
2341553, 451993, 949817, 456893, 1013300, 127515, 442965, 1342707, 2473049,
1394675, 321866, 654653, 266753, 452664, 112588, 144525, 686381, 1293036,
943859, 286917, 239535, 196836, 390271, 71649, 132058, 441434, 812727,
767145, 86910, 256041, 160200, 308597, 81585, 137535, 335852, 609524,
677706, 91189, 223728, 134141, 261867, 55109, 91644, 264231, 466534,
373332, 84662, 127907, 83750, 133245, 41818, 73115, 193354, 413572,
303349, 85336, 158273, 65412, 116867, 40512, 55472, 191436, 363162,
241445, 54255, 122104, 62433, 102830, 27915, 31806, 142833, 353851,
187411, 51779, 137095, 78119, 107314, 17094, 46742, 147165, 297157,
296999, 80334, 138698, 41265, 144028, 33188, 33491, 115639, 277271,
41144290, 41138482, 41142857, 41143657, 41142320, 41137427, 41134532, 41136208, 41134894,
10760382, 22070060, 49906424, 10830659, 49926708, 13074109, 49856038, 11570128, 12745145,
8797417, 11414553, 24630167, 7309023, 7969834, 5463566, 8790484, 8162824, 9099926,
7152518, 7961817, 15511209, 5391862, 6356444, 4220007, 5752278, 7635578, 7321735,
7493796, 5856805, 11448007, 4637942, 6430666, 2560486, 4909175, 6102414, 6629605,
5667859, 4977648, 9809138, 3944622, 5797417, 2018144, 4308631, 5279305, 5258963,
3117108, 844410, 1965114, 985763, 2417136, 389383, 788942, 1813686, 2519242,
2706223, 556048, 981902, 463212, 818418, 389831, 356065, 1259812, 2475325,
1283208, 292778, 556824, 317423, 445017, 145223, 236960, 413929, 1207736,
846081, 124481, 331354, 240808, 452763, 56318, 110313, 467673, 939321,
804649, 190391, 238100, 176416, 237245, 29820, 73288, 408903, 659239,
480781, 57739, 193110, 117884, 250700, 54560, 90085, 246750, 566736,
517790, 157858, 288176, 84882, 190042, 38353, 94169, 221255, 405498,
581216, 121533, 102160, 100960, 119169, 23735, 99144, 160168, 362788,
351773, 84174, 122030, 90019, 109024, 59530, 47860, 160619, 309154,
382599, 91731, 179683, 62516, 103315, 32944, 41825, 185075, 266526,
324366, 88264, 40566, 83340, 117027, 19286, 30847, 129635, 126259,
41154311, 41142170, 41145467, 41143040, 41141842, 41134031, 41134070, 41133623, 41135201,
10341868, 22568367, 49789276, 10964548, 49921783, 10623142, 49880749, 9739888, 12803925,
7741304, 11857130, 24225595, 6925643, 9849980, 6419205, 10718423, 7937005, 8604915,
6559000, 7972489, 15663777, 5355195, 7485025, 3869533, 6605153, 7687171, 7308724,
4964788, 6072802, 11497430, 4509302, 6360699, 2961970, 4714463, 6498692, 7423816,
5885295, 4601219, 9240675, 3707820, 5348747, 2096189, 4157431, 4508574, 5736069,
3089188, 1037718, 1839705, 1236484, 2489163, 465785, 808862, 2995698, 2996214,
2472719, 421890, 955346, 548695, 1212292, 223739, 427236, 1212343, 2534512,
1415695, 194821, 487583, 211254, 632706, 110308, 167415, 582760, 1330620,
862918, 123533, 294292, 146503, 401409, 70532, 170271, 375937, 818297,
612965, 88161, 306505, 98852, 212503, 67433, 101956, 268136, 668307,
605675, 86398, 229454, 97386, 227008, 29080, 67424, 278545, 568313,
561052, 84979, 303701, 75846, 116687, 31263, 67849, 197657, 449836,
434024, 77217, 191836, 83052, 105675, 37273, 85664, 163859, 365197,
237945, 86495, 90037, 77002, 100458, 24554, 41704, 121663, 329036,
288211, 56195, 125681, 51349, 155309, 31035, 60395, 153893, 264386,
257253, 53315, 64374, 56997, 94386, 28786, 37063, 126096, 243277,
41152836, 41134164, 41133724, 41134504, 41135875, 41134653, 41133072, 41135936, 41128384,
12870713, 22055162, 49949890, 8673492, 49841460, 10879135, 49892549, 13270673, 11680012,
7696098, 11237536, 24707066, 6912441, 8724510, 5177379, 9692425, 8034670, 6621504,
6858597, 7780725, 15664274, 5247098, 7172386, 3668102, 6484315, 7486599, 6232250,
6390486, 5757392, 11639200, 4537557, 6439600, 2348965, 4753891, 6515126, 5920909,
4526835, 4700097, 9866294, 3924415, 5899539, 1904183, 3467274, 5631165, 4992968,
2733227, 1045961, 2102018, 1309182, 2346817, 610431, 999677, 2751020, 1947206,
2029874, 418173, 967273, 480779, 1338856, 263576, 379332, 1381922, 2509894,
1105991, 193625, 555352, 238423, 638884, 98049, 190094, 519955, 1287343,
500171, 189575, 279523, 140586, 275016, 65462, 124686, 413940, 804183,
745500, 151216, 219669, 143614, 293155, 33274, 100673, 384112, 623781,
499079, 121371, 129404, 131018, 258658, 40777, 91549, 247518, 514053,
401749, 124215, 313082, 113566, 208326, 30156, 56807, 222908, 418337,
505309, 86262, 106397, 99031, 202933, 57477, 75670, 235533, 337525,
376271, 88679, 210963, 73471, 136653, 28275, 59015, 151363, 331027,
367706, 82707, 152878, 42523, 141256, 16522, 63084, 134556, 270031,
152533, 49934, 147850, 65921, 111185, 25388, 57640, 106375, 267054,
41152817, 41141776, 41141629, 41142806, 41132828, 41133303, 41136502, 41134369, 41130748,
11404102, 22174452, 49830839, 9087026, 49817906, 9951796, 49779921, 11909187, 11228253,
7929424, 11338447, 24862791, 6325023, 7866396, 6103816, 10743401, 9083345, 7691039,
6881567, 8212003, 15569993, 5464667, 7520047, 3514987, 5226764, 6134786, 6785873,
6655348, 5917162, 11918604, 4414180, 6177624, 1913964, 5651228, 5688413, 6148371,
5471646, 4941104, 10137694, 4055332, 6007059, 1985317, 3617290, 4110766, 5534178,
3710919, 938439, 2159980, 973088, 1987321, 358790, 886478, 2041733, 3153920,
2397669, 458086, 1126297, 671238, 1018876, 226390, 396214, 1628430, 2419028,
1040661, 220489, 452640, 349931, 410045, 121847, 227161, 563418, 1267925,
813092, 193352, 457802, 159342, 380512, 95527, 148832, 454944, 933756,
691615, 187220, 378833, 156097, 192782, 62763, 110570, 227456, 665747,
407745, 89648, 280534, 127332, 246780, 76280, 63930, 239087, 580267,
355367, 82524, 152533, 107974, 240406, 50282, 55192, 241237, 410156,
317202, 91309, 151245, 115408, 176128, 14408, 54166, 159225, 391542,
241395, 85087, 244392, 52957, 87185, 20730, 58433, 161887, 334290,
309908, 82827, 95542, 44852, 103478, 16497, 41652, 120360, 236155,
197450, 57738, 142516, 76526, 98010, 28234, 42951, 184379, 257295,
41153465, 41142632, 41139949, 41135565, 41132187, 41134427, 41129521, 41134647, 41130246,
12315082, 21890923, 49821207, 11004637, 49855683, 9862418, 49798335, 10604684, 10794433,
7363735, 11743502, 24187342, 7270283, 8794463, 4676970, 8943076, 7565032, 8908164,
7191726, 7855809, 16108764, 5324753, 7046605, 3106190, 6550479, 5662342, 8100613,
5185677, 5834685, 11764971, 4554451, 6252808, 2619157, 5038409, 6944113, 6323519,
6076123, 4670345, 9644687, 3977110, 5727382, 2452827, 3167086, 4661051, 4452087,
2910342, 847234, 2045192, 1083056, 1685918, 559914, 707460, 1897205, 3058668,
2681928, 452086, 1062942, 505770, 1302506, 221397, 379188, 1135139, 2429216,
1194880, 258132, 423605, 365960, 478158, 102873, 186278, 640159, 1039233,
961464, 121822, 288560, 247473, 396786, 86566, 139996, 441138, 872131,
536042, 87975, 280418, 178371, 212556, 48442, 104924, 232240, 582000,
519719, 53960, 162260, 130803, 174331, 56196, 57952, 261620, 510926,
415616, 88417, 130477, 81734, 243164, 46938, 63472, 217343, 401088,
309004, 59708, 191098, 69281, 190272, 28775, 50161, 192807, 403633,
423201, 82929, 114386, 72304, 139203, 38853, 66493, 151701, 355068,
368802, 110858, 150949, 82756, 97376, 15274, 35103, 167142, 305294,
412122, 52842, 77064, 72757, 126256, 21037, 41693, 123447, 287971,
41151280, 41143102, 41141577, 41142398, 41143196, 41144179, 41144735, 41139515, 41134590,
6949168, 22123675, 49776573, 9913495, 49827492, 12408257, 49742437, 8457081, 9542224,
7449497, 11489489, 25049337, 6602235, 8542528, 5358488, 10830174, 8201273, 10732724,
7257228, 8013103, 15443865, 5416768, 7248466, 3475569, 6106954, 7311815, 9079923,
6062692, 6024247, 12001969, 4514534, 6419856, 2868228, 5210478, 6374490, 7589518,
6153172, 4794667, 9120877, 3964041, 5352988, 2582009, 4355798, 5788161, 5089666,
3141781, 1028489, 2034657, 993658, 1834992, 383111, 961602, 2511252, 2794040,
2489167, 422460, 1171211, 636431, 820187, 203470, 484837, 1443983, 2358377,
1456285, 227845, 366020, 306909, 650186, 87589, 180013, 467349, 1363232,
967363, 122311, 313053, 244561, 397465, 96802, 108732, 334774, 846558,
603110, 93141, 235686, 183633, 212947, 77857, 159418, 232368, 633653,
523109, 60276, 330931, 131260, 229663, 63910, 109725, 206257, 516414,
564038, 122161, 180854, 67041, 151050, 43442, 88070, 222808, 394263,
487102, 118566, 169417, 74000, 178050, 24898, 46304, 183082, 405470,
359329, 84565, 95419, 52114, 95765, 40405, 69954, 199718, 342109,
289961, 174692, 82315, 53301, 131688, 16194, 41873, 143907, 286946,
371739, 53545, 75905, 64860, 115547, 30235, 54002, 92928, 234575,
41152656, 41141553, 41143943, 41144990, 41141084, 41144248, 41140795, 41132841, 41133699,
11555269, 22107623, 49812588, 10663832, 49930352, 13753909, 49794025, 12434149, 11711375,
8077875, 11498004, 25067356, 6921672, 9742695, 6163498, 8860774, 9183909, 8203926,
6915413, 7742019, 15620979, 5513893, 7006175, 3724465, 5940909, 6630628, 6182186,
6506129, 6164600, 12006063, 4512880, 5915728, 2506759, 4242561, 6425032, 5086108,
5842920, 4598269, 9550565, 3989599, 5797612, 1739067, 4244048, 5790448, 6224411,
3416787, 852813, 1960153, 970527, 2536483, 412956, 800363, 2917069, 2682197,
2591389, 517829, 1145802, 621268, 1172457, 210377, 439231, 1395075, 2492631,
1244196, 255805, 551130, 334113, 467170, 150820, 188325, 566863, 1207940,
934129, 128994, 309472, 195390, 267687, 85607, 150442, 500442, 798136,
717411, 123556, 408167, 170079, 231165, 36886, 78613, 338137, 588752,
519274, 122329, 195384, 118867, 227810, 38780, 62572, 235402, 522858,
478352, 93334, 184895, 78498, 209995, 47169, 87847, 212253, 472766,
398731, 120706, 115596, 72191, 173754, 14749, 55893, 181965, 224996,
369800, 83130, 93749, 63946, 92980, 28078, 29199, 177657, 304191,
292592, 85994, 145454, 85728, 127913, 9469, 47589, 109589, 271182,
245786, 55035, 136397, 57094, 96241, 32813, 42924, 120713, 255434,
41150985, 41142987, 41143870, 41141215, 41143173, 41142198, 41136164, 41132291, 41132871,
11901392, 22146908, 49761327, 9213612, 49886794, 8952974, 49836343, 12509452, 7357292,
8555409, 11463220, 25026465, 7201954, 8683846, 5895290, 10559619, 9237309, 9117633,
5573609, 7803551, 16039351, 5382271, 6972437, 3547542, 5736708, 6906574, 6848358,
6466790, 5945376, 12102112, 4856142, 6327505, 2698577, 5000024, 6144450, 6007587,
5860595, 4767823, 9046944, 4060132, 5261457, 2446550, 3966835, 5660598, 5247064,
2945415, 936568, 1939643, 1101006, 2504236, 315075, 904478, 3021099, 2862155,
2519726, 463888, 922490, 625810, 1188910, 168349, 394079, 1003789, 2476643,
1416054, 232386, 484736, 347573, 407865, 116252, 221885, 602220, 1110300,
976088, 157105, 454961, 205395, 281670, 84758, 99081, 481517, 804010,
695003, 123162, 173902, 165055, 303839, 56681, 104817, 327690, 704390,
658718, 92784, 168698, 89292, 250776, 42010, 107072, 258257, 572780,
541955, 93210, 138058, 71018, 216129, 33230, 70511, 174858, 433950,
473531, 118123, 112461, 90514, 102647, 14357, 82549, 194037, 339498,
366135, 86745, 86883, 86750, 155017, 28144, 37407, 147419, 323805,
270332, 116614, 175250, 59408, 104727, 21252, 41340, 122286, 313544,
229746, 145724, 48681, 71153, 121394, 27166, 51175, 109416, 259022,
41152673, 41146409, 41143262, 41144392, 41143918, 41142979, 41133307, 41133839, 41134189,
12145333, 22080735, 49825939, 11375055, 49860263, 7058688, 49899798, 9591411, 7064968,
7752621, 11356672, 24800677, 6750718, 8742008, 5545211, 9625888, 7881268, 9475604,
6939416, 8049529, 15859130, 5290756, 7182012, 3604560, 6076807, 7015887, 7191109,
5787903, 5862999, 12242408, 4380358, 5904020, 3506918, 4831797, 5894727, 5801087,
6003777, 5119871, 9404628, 3933063, 5995035, 2363285, 4128755, 6646769, 6124018,
3051189, 933663, 2031280, 1408904, 2616741, 576390, 700999, 2774556, 2676792,
2732252, 510883, 979511, 466585, 1243647, 265432, 366710, 1442857, 2415266,
1276639, 221790, 485389, 320989, 678031, 125422, 158571, 672500, 1257002,
865691, 126139, 309662, 234969, 298099, 109251, 136392, 421992, 962867,
658538, 93536, 274242, 117298, 208532, 58060, 72632, 342058, 597692,
573648, 115219, 210990, 87762, 247732, 28912, 63407, 275570, 581942,
632539, 94092, 192437, 82347, 126063, 65225, 44854, 188723, 451167,
399654, 120490, 91619, 91359, 131456, 27361, 64897, 151643, 344990,
318738, 89807, 132104, 69554, 161804, 18264, 79040, 150657, 288184,
332355, 55754, 110058, 50314, 124810, 19776, 38500, 128440, 317993,
414589, 89369, 253411, 57658, 117112, 26612, 20065, 139173, 312150,
41151238, 41145178, 41142143, 41141222, 41138721, 41138061, 41129259, 41134395, 41131681,
11511196, 21835358, 49829745, 10186553, 49730780, 11964392, 49848557, 6932197, 9440830,
7165986, 11710254, 25209317, 7230011, 8498882, 4637273, 10732994, 9110938, 8038884,
6764432, 8286765, 15722623, 5058114, 7500632, 3105046, 6247220, 6696268, 6840502,
6225988, 5914552, 11836459, 4680976, 5578406, 2431936, 5211323, 6029623, 5929249,
5953366, 5035356, 9627602, 4269023, 5714673, 2341813, 4096190, 5568183, 4773922,
2941859, 948475, 2007141, 1402340, 1673880, 326316, 729501, 2252749, 1966658,
2382301, 455352, 1148421, 646464, 1180603, 193858, 391273, 1194048, 2472207,
1262152, 191599, 403470, 245577, 626862, 98459, 181130, 681048, 1262157,
871864, 126329, 337339, 166455, 402940, 54316, 131193, 393914, 840266,
371432, 93591, 180493, 129290, 296637, 43458, 124502, 191144, 775979,
563022, 57252, 132322, 145271, 249013, 23354, 78994, 234879, 447723,
486709, 154645, 180680, 73132, 219505, 55061, 57749, 258908, 446158,
373738, 87825, 179553, 58528, 126569, 43231, 70037, 174417, 414568,
379157, 56025, 189036, 60842, 168924, 20112, 74065, 111981, 352817,
311807, 83436, 145550, 80622, 108133, 51405, 74561, 129050, 296219,
294891, 112310, 59011, 44610, 127718, 27842, 49733, 126862, 303603,
41151859, 41143303, 41141541, 41143106, 41140133, 41133852, 41131954, 41135569, 41130286,
10568977, 21726488, 49893734, 11042255, 49797951, 12737194, 49880516, 12108034, 12346688,
8651097, 11205802, 25187203, 7144526, 7952331, 5421183, 9194528, 7179076, 9177209,
6539639, 7867178, 15386087, 5481573, 7598012, 2350594, 5527847, 6533462, 7681331,
6420434, 5848328, 12232767, 4820996, 6324570, 3241873, 4355593, 5424809, 5727549,
4226950, 4741956, 10044007, 3933325, 5678313, 2087503, 3897901, 5904828, 6630666,
3101619, 885945, 2198894, 1215847, 2377402, 392885, 808190, 2569036, 3402168,
2506250, 452090, 1042347, 479755, 1149691, 206262, 421360, 1311297, 2300979,
1374911, 193431, 557805, 362609, 631611, 110559, 185583, 620214, 1256127,
810435, 122681, 413855, 221456, 350564, 45481, 96531, 423427, 974910,
699824, 89784, 263412, 116529, 285913, 54304, 92557, 255380, 598914,
342747, 59142, 298170, 138799, 172035, 26948, 96721, 238877, 496174,
403289, 86991, 135781, 121795, 164166, 45517, 84987, 194548, 470276,
348529, 89061, 238808, 68628, 175999, 20452, 49004, 169210, 321678,
355780, 85115, 108498, 61952, 114366, 23779, 37293, 142079, 383326,
189889, 59041, 103133, 82572, 87873, 26808, 41800, 146062, 333274,
209003, 53749, 122917, 54199, 111093, 29532, 33998, 120849, 258090,
41153459, 41143682, 41141936, 41144085, 41135303, 41143764, 41139574, 41143463, 41137559,
13381721, 21990285, 49797256, 9900972, 49835223, 10483907, 49843837, 9132545, 12541196,
5764753, 11242968, 24713455, 6758495, 8811914, 5046709, 11064962, 9449055, 7544001,
6847179, 8048532, 15905805, 5558973, 7636158, 4035025, 5975467, 6516131, 5237261,
6742607, 5626918, 11975534, 4762079, 6301362, 2391429, 5074002, 4971649, 5391614,
6287426, 4546403, 9779246, 3898362, 5087542, 1786023, 3655252, 5364319, 3907444,
3242300, 1074721, 2166624, 1154788, 2227819, 548593, 790961, 2367623, 2253634,
2308406, 481906, 959455, 682819, 1107071, 214466, 370898, 1119143, 2494760,
1398523, 212590, 569555, 253997, 454828, 127251, 186411, 676267, 1227933,
769322, 152146, 322331, 157409, 420799, 90714, 103640, 383154, 897146,
764202, 92324, 244036, 156765, 308953, 51236, 113769, 368079, 674811,
642945, 53956, 239372, 131308, 238986, 45258, 67114, 255597, 515245,
390703, 91084, 297954, 101440, 152132, 49693, 62544, 209990, 225996,
374848, 124503, 174005, 84148, 113701, 29637, 60669, 178504, 413886,
388207, 85636, 92695, 72151, 134626, 41108, 47594, 140709, 279841,
210542, 56499, 40259, 60563, 161587, 20093, 67140, 140416, 262906,
265209, 54847, 118852, 39803, 85680, 18843, 33706, 133932, 248692,
